wine_id,name,fixed_acidity,volatile_acidity,citric_acid,residual_sugar,chlorides,free_sulfur_dioxide,total_sulfur_dioxide,density,pH,sulphates,alcohol,expected_quality
1,Reserve Cabernet Sauvignon 2018,7.4,0.30,0.45,2.0,0.065,15,38,0.9946,3.38,0.78,12.8,Good
2,Chateau Grand Cru Merlot,8.5,0.28,0.56,1.8,0.070,17,45,0.9952,3.30,0.85,12.5,Good
3,Faulty Table Red (Vinegar Spoiled),6.8,0.88,0.04,1.9,0.098,8,40,0.9972,3.58,0.48,9.4,Bad
4,Oxidized House Blend,7.0,0.75,0.02,2.4,0.110,5,22,0.9980,3.62,0.45,9.2,Bad
5,Napa Valley Syrah,8.0,0.33,0.39,2.2,0.075,18,48,0.9950,3.35,0.82,12.2,Good
6,Excessive Sulfur White,6.2,0.42,0.25,8.5,0.045,65,190,0.9965,3.20,0.40,9.5,Bad
7,Classic Marlborough Sauvignon,6.6,0.22,0.40,2.5,0.038,32,105,0.9912,3.15,0.55,12.6,Good
8,Commercial Bulk Wine,7.2,0.58,0.18,2.1,0.082,12,65,0.9968,3.42,0.52,10.0,Bad
9,Burgundy Pinot Noir,7.9,0.35,0.40,1.9,0.068,14,35,0.9940,3.32,0.76,13.0,Good
10,Overly Dilute Blend,5.8,0.65,0.08,1.6,0.088,10,32,0.9975,3.65,0.42,8.8,Bad
